Number,Name
4541000D,007: Agent Under Fire
45410042,007: Everything or Nothing
45410026,007: NightFire
54540001,4x4 EVO 2
41430007,Aggressive Inline
4B4E0002,Airforce Delta Storm
41430016,Alias
41430002,All-Star Baseball '03
4143001C,All-Star Baseball '05
5451000F,Alter Echo
42530009,AMF Bowling 2004
4D530005,Amped: Freestyle Snowboarding
4D530041,Amped 2
49470015,APEX
4D570002,Arctic Thunder
4D570005,Area 51
44430002,Arx Fatalis
4143000A,ATV Quad Power Racing 2
4343000E,Auto Modellista
4D530007,Azurik: Rise of Perathia
4553000D,Backyard Wrestling: Don't Try This at Home
45530016,Backyard Wrestling 2: There Goes the Neighborhood
454D0008,Bad Boys 2
5655001A,Baldur's Gate: Dark Alliance
4950000A,Baldur's Gate: Dark Alliance 2
55530001,Batman Vengeance
5553001C,Batman: Rise of Sin Tzu
49470010,Battle Engine Aquila
5655000F,Battlestar Galactica
55530018,Beyond Good & Evil
454D0002,Big Mutha Truckers
58490004,Black Stone: Magic & Steel
41560005,Blade II
4D530065,Blinx 2: Masters of Time and Space
4D530013,Blinx: The Time Sweeper
45530006,Blood Omen 2: Legacy of Kain
4D530010,Blood Wake
4D4A0001,BloodRayne
4D4A000D,BloodRayne 2
48550001,Bloody Roar extreme
4D4A0008,BlowOut
4143000E,BMX XXX
4E4D0009,Breakdown
5451001D,Broken Sword: The Sleeping Dragon
5553003C,Brothers in Arms: Earned in Blood
56550016,Bruce Lee: QOD
4D53001E,Brute Force
56550005,Buffy : Chaos Bleeds
45410012,Buffy the Vampire Slayer: Chaos Bleeds
41430006,Burnout
41430019,Burnout 2: Point of Impact
4541005B,Burnout 3: Takedown
41560019,Cabela's Dangerous Hunts
4156002A,Call of Duty: Finest Hour
43430008,Capcom vs. SNK 2 EO
54540010,Carve
4541005C,Catwoman
53430006,Conflict: Desert Storm II: Back to Baghdad
45410011,Cel Damage
5454000B,Celebrity Deathmatch
424D0001,Chase: Hollywood Stunt Driver
4B420005,Chicago Enforcer
434D0010,Colin McRae Rally 04
434D002B,Colin McRae Rally 2005
434D0001,Colin McRae Rally 3
47560003,Battlefield 2: Modern Combat
54540005,Conflict: Desert Storm
53430001,Conflict: Desert Storm
5343000A,Conflict: Vietnam
5343000F,Constantine
544D000B,Corvette
52410006,Crash Bandicoot: The Wrath of Cortex
45530014,Crash 'n' Burn
56550003,Crash Bandicoot: The Wrath of Cortex
56560001,Crash Bandicoot: The Wrath of Cortex
56550036,Crash Twinsanity
53450004,Crazy Taxi 3: High Roller
4D530021,Crimson Skies: High Road to Revenge
4B4F0002,Crimson Sea
55530020,Crouching Tiger"," Hidden Dragon
49470013,Dungeons & Dragons: Heroes
434B0001,Dai Senryaku VII: Modern Military Tactics
54510004,Dark Summit
41430001,Dave Mirra Freestyle BMX 2
4B4E0019,Dance Dance Revolution Ultramix
49470027,Dead Man's Hand
54430001,Dead or Alive 3
4D53002D,Dead or Alive 3
54430006,Dead or Alive Ultimate
4E4D0005,Dead to Rights
4541002C,Dead to Rights
45530004,Thief: Deadly Shadows
55530004,Deathrow
45410049,Def Jam: Fight for NY
4D570006,Defender
49470074,Forgotten Realms: Demon Stone
45530005,Deus Ex: Invisible War
56560029,Die Hard: Vendetta
42410001,Digimon Rumble Arena 2
43430003,Dino Crisis 3
41560027,Disney Extreme Skate Adventure
41560020,Doom 3
55530012,Dragon's Lair 3D: Return to the Lair
58490007,Judge Dredd: Dredd Vs. Death
5656000D,Judge Dredd: Dredd Vs. Death
49470038,DRIV3R
4B4F0003,Dynasty Warriors 3
4B4F0004,Dynasty Warriors 4
45410055,EA Sports: Fight Night Round 2
4B420002,Eggo Mania
53570001,Enclave
49470022,Enter the Matrix
53450033,ESPN College Hoops 2K5
53450037,ESPN Major League Baseball 2K5
53450031,ESPN NBA 2K5
53450023,ESPN NBA Basketball
53450030,ESPN NFL 2K5
53450022,ESPN NFL Football
53450032,ESPN NHL 2K5
5451000B,Evil Dead: A Fistful of Boomstick
45410014,F1 2002
4D53000D,Fable
49500008,Fallout: Brotherhood of Steel
54430004,Fatal Frame
45410017,FIFA Soccer 2003
4541004E,FIFA Soccer 2005
45410072,FIFA Street
4541004B,Fight Night 2004
5655002F,Fight Club
54510009,FILA World Tour Tennis
5451001E,Finding Nemo
454D0007,Ford Racing 2
454D000D,Ford Racing 3
4D570007,Freaky Flyers
4541002A,Freedom Fighters
4541002E,Freedom Fighters
4D570017,Freestyle MetalX
54510022,Full Spectrum Warrior
54510086,Full Spectrum Warrior
4947000B,Furious Karting
56550008,Futurama
46490002,Futurama
43560007,Future Tactics: Uprising
41540004,Galleon
4D57000E,Gauntlet: Dark Legacy
43430001,Genma Onimusha
55530006,Tom Clancy's Ghost Recon
55530005,Tom Clancy's Ghost Recon 2
4143001A,Gladiator: SoV
4C410008,Gladius
49470039,Godzilla: Melee
49470073,Godzilla: Save the Earth
4541005D,GoldenEye: Rogue Agent
55530007,Tom Clancy's Ghost Recon: Island Thunder
4D530053,Grabbed by the Ghoulies
5454000E,Grand Theft Auto III
5454000F,Grand Theft Auto: Vice City
54540073,Grand Theft Auto: Vice City
41560042,Greg Hastings' Tournament Paintball Max'd
45430002,Grooverider: Slot Car Thunder
43430005,Group S Challenge
53410002,Guilty Gear XX #Reload
52410008,Gun Metal
49470017,GunValkyrie
5345000B,GunValkyrie
4D530004,Halo: Combat Evolved
4D530064,Halo 2
4541000E,Harry Potter CoS
4541004C,Harry Potter: POA
45410037,Harry Potter: SS
544D000D,The Haunted Mansion
53450025,Headhunter Redemption
45530012,Hitman: Contracts
45530009,Hitman 2: Silent Assassin
54510089,Hot Wheels: Stunt Track Challenge
53450008,House of the Dead 3
5655002D,Hunter: Redeemer
56550007,Hunter: The Reckoning
564E0004,Hunter: The Reckoning
4E4D000F,I-Ninja
4C410007,Indiana Jones and the Emperor's Tomb
4B4E0008,International Superstar Soccer 2
4D53006D,Jade Empire
4C410009,Star Wars: Jedi Knight II: Jedi Outcast
4C41000B,Star Wars: Jedi Knight: Jedi Academy
5345000A,Jet Set Radio Future
49470018,Jet Set Radio Future
4143001E,Juiced
5656000A,Jurassic Park: Operation Genesis
56550021,Jurassic Park: Operation Genesis
4D53000C,Kakuto Chojin
4A570003,Kao the Kangaroo 2
41560002,Kelly Slater's Pro Surfer
4E4D000B,Kill Switch
4B4E0024,King Arthur
504C0002,Kingdom Under Fire: The Crusaders
544D0007,Knights of the Temple: Infernal Crusade
4541000A,Knockout Kings 2002
4D530031,Kung Fu Chaos
5553000B,Largo Winch: Empire Under Threat
4553000F,Legacy of Kain: Defiance
41430003,Legends of Wrestling
4143000F,Legends of Wrestling 2
56550031,Leisure Suit Larry: Magna Cum Laude
4D53005D,Links 2004
4541005F,The Lord of the Rings: The Third Age
4947001F,Mission Impossible: Operation Surma
45530001,Mad Dash Racing
45410001,Madden NFL 2002
45410019,Madden NFL 2003
54540009,Mafia: The City of Lost Heaven
4947000E,Magic the Gathering: Battlegrounds
4253000A,Malice
54540019,Manhunt
43430007,Marvel vs. Capcom 2
454D000A,Mashed: Fully Loaded
4156000B,Mat Hoffman's Pro BMX 2
54540003,Max Payne
5454000C,Max Payne 2: The Fall of Max Payne
4D53002E,Maximum Chase
4D530017,MechAssault Linux Installer
4D53006B,MechAssault 2: Lone Wolf
4541001A,Medal of Honor: Frontline
4541003F,Medal of Honor: Rising Sun
43430011,Mega Man Anniversary Collection
56550019,Men of Valor
544D0005,Mercedes Benz World Racing
4C410015,Mercenaries: Playground of Destruction
5655000A,Metal Arms: Glitch in the System
534E0002,Metal Slug 3
54510013,Metal Dungeon
4B4E0007,Metal Gear Solid 2: Substance
54540008,Midnight Club 2
54540079,Midnight Club 3: DUB Edition
4D53002A,Midtown Madness 3
41560014,Minority Report: Everybody Runs
4D570034,Mortal Kombat: Armageddon
4D57000C,Mortal Kombat: Deadly Alliance
4D570023,Mortal Kombat: Deception
4947000F,Monopoly Party
55530015,The Elder Scrolls III: Morrowind
42530001,The Elder Scrolls III: Morrowind
42530005,Morrowind Game of the Year
4D570019,Mortal Kombat: Deception
54510008,MotoGP
54510016,MotoGP 2
434D0029,MTV: Music Generator 3 - This is the Rem
41560022,MTX: Mototrax
45410045,MVP Baseball 2004
45410056,MVP Baseball 2005
54510003,MX 2002 with Ricky Carmichael
54510010,MX Superfly featuring Ricky Carmichael
54510021,MX Unleashed
4D570024,Narc
45410053,NASCAR 2005: Chase for the Cup
4541001B,NASCAR Thunder 2002
45410031,NASCAR Thunder 2002
4D570010,NBA Ballers
41430013,NBA Jam 2004
45410050,NBA Live 2005
45410058,NBA Street V3
45410027,NBA Street Vol. 2
45410051,NCAA Football 2005
54510001,New Legends
4D570001,NFL Blitz 2002
45410048,NFL Street
45410057,NFL Street 2
45410028,Need for Speed: Hot Pursuit 2
4541005A,Need for Speed: Underground 2
4541006F,Need for Speed: Underground 2
45410047,Need for Speed: Underground
4541009E,Need for Speed: Carbon
4D570003,NHL Hitz 20-02
4D57000B,NHL Hitz 20-03
54430003,Ninja Gaiden
46530002,Otogi: Myth of Demons
4D530001,Oddworld: Munch's Oddysee
46530004,OTOGI2
56550010,Outlaw Golf
54540017,Outlaw Golf 2
53530003,Outlaw Volleyball
53450036,OutRun 2006: Coast 2 Coast
4E4D0006,Pac-Man World 2
53450007,Panzer Dragoon Orta
41510001,PetitCopter
504C0001,Phantom Crash
4356000A,Pinball Hall of Fame
42530004,Pirates of the Caribbean
41560018,Pitfall: The Lost Expedition
41480002,Playboy: The Mansion
4253000B,Powerdrome
56550030,Aliens vs Predator: Extinction
5553003B,Prince of Persia: Warrior Within
5553001D,Prince of Persia: The Sands of Time
434D0008,Prisoner of War
4343000B,Pro Cast Sports Fishing
4B4E0022,Pro Evolution Soccer 4
4D530003,Project Gotham Racing
4D53004B,Project Gotham Racing 2
424D0003,Wallace & Gromit in Project Zoo
45530019,Project Snowblind
4D570016,Psi-Ops: The Mindgate Conspiracy
4D4A0012,Psychonauts
4D530015,Quantum Redshift
4541003D,Harry Potter: Quidditch World Cup
4E4D0008,APEX Racing Evoluzione
434D0002,TOCA Race Driver 2: The Ultimate Racing Simulator
434D0011,TOCA Race Driver 2: The Ultimate Racing Simulator
55530013,Tom Clancy's Rainbow Six 3
4D53000F,Rallisport Challenge
4D530039,Rallisport Challenge 2
41560009,Rally Fusion: Race of Champions
4156003A,Rapala Pro Fishing
54510002,WWE RAW 2
55530002,Rayman 3: Hoodlum Havoc
55530003,Rayman Arena
5454001A,Red Dead Revolver
54510005,Red Faction II
56550027,Red Ninja: End of Honor
53430005,Richard Burns Rally
56550026,The Chronicles of Riddick: Escape from Butcher Bay
4D570018,RoadKill
4343000C,Robin Hood: Defender of the Crown
42570001,Robot Wars: Extreme Destruction
544D0002,Robotech: Battlecry
56550037,Robots
52410007,Rocky
55530014,Rocky
4B420004,Rogue Ops
4947002E,RollerCoaster Tycoon
4A410006,Room Zoom Race For Impact
4B420007,RPM Tuning
48450001,Rugby League
4B4F0006,Samurai Warriors
5454007A,Scaler
5451001F,Scooby-Doo! Night of 100 Frights
454C0001,Scrapland
434D0047,Second Sight
4C410006,Secret Weapons Over Normandy
49470029,Sega Soccer Slam
53450014,Sega Soccer Slam
4947002C,Sega GT 2002
53450003,Sega GT 2002
54540004,Serious Sam
4B4E000E,Shadow of Memories
41560038,Shark Tale
45530013,Shellshock: Nam '67
4D530032,Shenmue II
4B490001,Shikigami no Shiro Evolution
41560037,Shrek 2
4B4E0004,Silent Hill 2
4B4E001F,Silent Hill 4: The Room
4B4E001A,Silent Scope Complete
49470011,Slam Tennis
4E4D0001,Smashing Drive
534E0001,SVC Chaos: SNK vs. Capcom
49470041,Shadow Ops: Red Mercury
49470025,Shadow Ops: Red Mercury
4156001B,Soldier of Fortune II: Double Helix
5345003C,Sonic Mega Collection Plus
5345002B,Sonic Heroes
4E4D0003,Soul Calibur II
4E4D000C,Spawn: Armageddon
54510023,Sphinx and the Cursed Mummy
41560006,Spider-Man
4156002B,Spider-Man 2
4947001B,Splashdown
5553000C,Tom Clancy's Splinter Cell
55530019,Splinter Cell 2
5451001A,SpongeBob SquarePants: Battle for Bikini Bottom
56550034,Spyro: A Hero's Tail
4541003C,SSX 3
45410004,SSX Tricky
4D440004,Stake: Fortune Fighters
544D0010,Star Trek: Shattered Universe
4C410011,Star Wars: Battlefront II
4C410005,Star Wars: Jedi Starfighter
45410022,Star Wars: Obi-Wan
4156000F,Star Wars: Obi-Wan
4C410017,Star Wars: Episode III: Revenge of the Sith
4C410003,Star Wars: Knights Of The Old Republic
4C410014,Star Wars: Knights of the Old Republic II: The Sith Lords
4C410002,Starfighter SE
454D0005,Starsky & Hutch
54540006,State of Emergency
43430002,Steel Battalion
4541006D,Oddworld: Stranger's Wrath
4343000F,Street Fighter Anniversary Collection
41560003,Street Hoops
4E4D0013,Street Racing Syndicate
4D53000A,Sudeki
4A410004,Super Bubble Pop
4C410004,Star Wars: The Clone Wars
4D490006,Syberia
5451008B,Tak 2: The Staff of Dreams
4D530014,Tao Feng: Fist of the Lotus
4947000D,Taz: Wanted
41560036,Tenchu: Return from Darkness
41560026,Tenchu: Return from Darkness
4947003B,Terminator 3: Rise of the Machines
4947003E,Terminator 3: The Redemption
49470007,Test Drive
49470001,Test Drive Offroad Wide Open
49470075,Test Drive: Eve of Destruction
49580001,The Bard's Tale
56550004,The Lord of the Rings: The Fellowship of the Ring
5454007B,The Guy Game
56550023,The Hobbit
56550011,The Hulk
56560008,The Hulk
4553000E,The Italian Job
54510018,The Punisher
4541003E,The Lord of the Rings: The Return of the King
56550015,The Simpsons: Hit & Run
45410013,The Simpsons: Road Rage
4541002F,The Sims
45410043,The Sims Bustin' Out
4D570015,The Suffering
49470026,The Terminator: Dawn of Fate
56560003,The Thing
45410010,The Lord of the Rings: The Two Towers
45410060,The Urbz: Sims in the City
4D530048,The Wild Rings
4156003C,THUG 2
4541003A,Tiger Woods PGA Tour 2004
45410021,Tiger Woods PGA Tour 2003
45410054,Tiger Woods PGA Tour 2005
4553000A,TimeSplitters 2
45410066,TimeSplitters: Future Perfect
4B4E001B,Teenage Mutant Ninja Turtles
4B4E0023,Teenage Mutant Ninja Turtles 2: Battle Nexus
5345000F,ToeJam & Earl III: Mission to Earth
4E4B0001,Tom and Jerry in War of the Whiskers
41560001,Tony Hawk's Pro Skater 2x
41560004,Tony Hawk's Pro Skater 3
41560017,Tony Hawk's Pro Skater 4
4156002D,Tony Hawk's Underground
4D530035,Top Spin Tennis
454D0003,Total Immersion Racing
56550013,Total Immersion Racing
4D4A0002,Totaled!
41540001,Touge R
49470004,TransWorld Snowboarding
49470005,TransWorld Surf: Next Wave
43560009,Trigger Man
4156000E,True Crime: Streets of LA
41430004,Turok: Evolution
45410029,Ty the Tasmanian Tiger
45410063,Ty the Tasmanian Tiger 2: Bush Rescue
43560002,UFC: Tapout 2
5553000D,UFC: Tapout 2
544D000A,UFC: Tapout 2
4D4A000C,Ultra Bust-a-Move
49470024,Unreal Championship
4D570021,Unreal Championship 2: The Liandri Conflict
4947003C,Unreal II: The Awakening
56550029,Van Helsing
41430005,Vexx
4D53005F,Voodoo Vince
4156000D,Wakeboarding Unleashed
4D530027,Whacked!
45530011,Whiplash
4B4E0001,Whiteout
4B4E0027,World Soccer Winning Eleven 8 International
41560010,Return to Castle Wolfenstein: Tides of War
4A410007,World Championship Pool 2004
5345002A,Worms 3D Special Edition
4156000A,Wreckless: The Yakuza Missions
4156000C,Wreckless: The Yakuza Missions
5451000D,WWE RAW 2
54510024,WWE WrestleMania 21
4156001E,X-Men Legends
41560007,X-Men: Next Dimension
41560008,X2: Wolverine's Revenge
41430014,XGRA
55530009,XIII
54510006,Yager
4B420006,Yager
4B4E001E,Yu-Gi-Oh! The Dawn of Destiny
49470012,Zapper
